<?xml version="1.0" encoding="utf-8"?>
<level>
  <points>
    <point id="0" x="-14" y="100" z="95.2" />
    <point id="1" x="126" y="100" z="95.2" />
    <point id="2" x="252" y="100" z="95.2" camp="true" spawn="true"/>
    <point id="3" x="126" y="100" z="-98" />
    <point id="4" x="-14" y="100" z="-98" camp="true" spawn="true"/>
    <point id="5" x="-100" y="100" z="95.2" />
    <point id="6" x="-100" y="100" z="42" camp="true"/>
    <point id="7" x="-263.2" y="100" z="39.2" spawn="true"/>
    <point id="8" x="-263.2" y="100" z="126" cover="true" camp="true"/>
    <point id="9" x="-100" y="100" z="126"  spawn="true"/>
  </points>
  <paths>
    <point id="0">
      <child id="1"/>
      <child id="4"/>
      <child id="5"/>
    </point>
    <point id="1">
      <child id="0"/>
      <child id="2"/>
      <child id="3"/>
    </point>
    <point id="2">
      <child id="1"/>
    </point>
    <point id="3">
      <child id="1"/>
      <child id="4"/>
    </point>
    <point id="4">
      <child id="3"/>
      <child id="0"/>
    </point>
    <point id="5">
      <child id="9"/>
	<child id="0"/>
    </point>
    <point id="6">
      <child id="7"/>
    </point>
    <point id="7">
      <child id="6"/>
      <child id="8"/>
    </point>
    <point id="8">
      <child id="7"/>
      <child id="9"/>
    </point>
    <point id="9">
      <child id="5"/>
      <child id="8"/>
    </point>
  </paths>
</level>
